{
    "now": "2024-03-03T22:41:29.473Z",
    "perfNow": 17987995,
    "diagnosticCorrelation": "a5479775-a2a0-455c-a399-0fc1a0ead77f",
    "source": "DownloadSupportFiles",
    "environment": {
        "productName": "adf",
        "buildVersion": "1.0.021624.1",
        "environmentType": 3,
        "resourceName": "adfsoumyadata",
        "resourceRegion": "eastus",
        "resourceGroup": "Dadbi",
        "subscriptionId": "a6f4eab4-caec-451b-ac2f-5a83e2b5e607",
        "sessionId": "9Dqlc+8x2NdiQNspJ6Ltsv",
        "operationId": "",
        "gitType": "live",
        "loggingKey": "15cdea77-4979-4b0c-9ea6-635afc3d3bc3"
    },
    "additionalInfo": {
        "selectedResource": "integrate_All_together",
        "selectedResourceType": "pipeline"
    }
}