{"$schema":"http://schema.management.azure.com/schemas/2015-01-01/deploymentTemplate.json#","contentVersion":"1.0.0.0","parameters":{"factoryName":{"type":"string","metadata":"Data Factory name"},"ls_sqldb2":{"type":"string"},"ls_storage":{"type":"string"}},"variables":{"factoryId":"[concat('Microsoft.DataFactory/factories/', parameters('factoryName'))]"},"resources":[{"name":"[concat(parameters('factoryName'), '/integrate_All_together')]","type":"Microsoft.DataFactory/factories/pipelines","apiVersion":"2018-06-01","properties":{"activities":[{"name":"Load Dataset List","type":"Lookup","dependsOn":[],"policy":{"timeout":"0.12:00:00","retry":0,"retryIntervalInSeconds":30,"secureOutput":false,"secureInput":false},"userProperties":[],"typeProperties":{"source":{"type":"AzureSqlSource","sqlReaderQuery":{"value":"select File_Name, File_Delimiter, Target_Table from dbo.azuresoumya","type":"Expression"},"queryTimeout":"02:00:00","partitionOption":"None"},"dataset":{"referenceName":"ds_demosql","type":"DatasetReference","parameters":{"TableName":"azuresoumya"}},"firstRowOnly":false}},{"name":"ForEachRow","type":"ForEach","dependsOn":[{"activity":"Load Dataset List","dependencyConditions":["Succeeded"]}],"userProperties":[],"typeProperties":{"items":{"value":"@activity('Load Dataset List').output.value","type":"Expression"},"isSequential":true,"activities":[{"name":"Load Dataset","type":"Copy","dependsOn":[],"policy":{"timeout":"0.12:00:00","retry":0,"retryIntervalInSeconds":30,"secureOutput":false,"secureInput":false},"userProperties":[],"typeProperties":{"source":{"type":"DelimitedTextSource","storeSettings":{"type":"AzureBlobFSReadSettings","recursive":true,"enablePartitionDiscovery":false},"formatSettings":{"type":"DelimitedTextReadSettings"}},"sink":{"type":"AzureSqlSink","writeBehavior":"insert","sqlWriterUseTableLock":false,"tableOption":"autoCreate","disableMetricsCollection":false},"enableStaging":false,"validateDataConsistency":true,"translator":{"type":"TabularTranslator","typeConversion":true,"typeConversionSettings":{"allowDataTruncation":true,"treatBooleanAsNumber":false}}},"inputs":[{"referenceName":"sales","type":"DatasetReference","parameters":{"FileName":{"value":"@item().File_Name","type":"Expression"},"FileDelimiter":{"value":"@item().File_Delimiter","type":"Expression"}}}],"outputs":[{"referenceName":"ds_demosql","type":"DatasetReference","parameters":{"TableName":{"value":"@item().Target_Table","type":"Expression"}}}]},{"name":"Wait1","type":"Wait","dependsOn":[{"activity":"Load Dataset","dependencyConditions":["Succeeded"]}],"userProperties":[],"typeProperties":{"waitTimeInSeconds":6}}]}}],"policy":{"elapsedTimeMetric":{}},"annotations":[]},"dependsOn":["[concat(variables('factoryId'), '/datasets/ds_demosql')]","[concat(variables('factoryId'), '/datasets/sales')]"]},{"name":"[concat(parameters('factoryName'), '/ds_demosql')]","type":"Microsoft.DataFactory/factories/datasets","apiVersion":"2018-06-01","properties":{"linkedServiceName":{"referenceName":"[parameters('ls_sqldb2')]","type":"LinkedServiceReference"},"parameters":{"TableName":{"type":"string"}},"annotations":[],"type":"AzureSqlTable","schema":[{"name":"File_Name","type":"nvarchar"},{"name":"File_Delimiter","type":"nvarchar"},{"name":"Target_Table","type":"nvarchar"}],"typeProperties":{"table":{"value":"@dataset().TableName","type":"Expression"}}},"dependsOn":[]},{"name":"[concat(parameters('factoryName'), '/sales')]","type":"Microsoft.DataFactory/factories/datasets","apiVersion":"2018-06-01","properties":{"linkedServiceName":{"referenceName":"[parameters('ls_storage')]","type":"LinkedServiceReference"},"parameters":{"FileName":{"type":"string"},"FileDelimiter":{"type":"string"}},"annotations":[],"type":"DelimitedText","typeProperties":{"location":{"type":"AzureBlobFSLocation","fileName":{"value":"@dataset().FileName","type":"Expression"},"fileSystem":"containersoumya"},"columnDelimiter":{"value":"@dataset().FileDelimiter","type":"Expression"},"escapeChar":"\\","firstRowAsHeader":true,"quoteChar":"\""},"schema":[{"name":"Region","type":"String"},{"name":"Country","type":"String"},{"name":"ItemType","type":"String"},{"name":"SalesChannel","type":"String"},{"name":"OrderPriority","type":"String"},{"name":"OrderDate","type":"String"},{"name":"OrderID","type":"String"},{"name":"UnitCost","type":"String"},{"name":"UnitsSold","type":"String"},{"name":"TotalProfit","type":"String"},{"name":"TotalCost","type":"String"},{"name":"TotalRevenue","type":"String"}]},"dependsOn":[]}]}