{
    "name": "ds_demosql",
    "properties": {
        "linkedServiceName": {
            "referenceName": "ls_sqldb2",
            "type": "LinkedServiceReference"
        },
        "parameters": {
            "TableName": {
                "type": "string"
            }
        },
        "annotations": [],
        "type": "AzureSqlTable",
        "schema": [
            {
                "name": "File_Name",
                "type": "nvarchar"
            },
            {
                "name": "File_Delimiter",
                "type": "nvarchar"
            },
            {
                "name": "Target_Table",
                "type": "nvarchar"
            }
        ],
        "typeProperties": {
            "table": {
                "value": "@dataset().TableName",
                "type": "Expression"
            }
        }
    }
}