{
    "name": "sales",
    "properties": {
        "linkedServiceName": {
            "referenceName": "ls_storage",
            "type": "LinkedServiceReference"
        },
        "parameters": {
            "FileName": {
                "type": "string"
            },
            "FileDelimiter": {
                "type": "string"
            }
        },
        "annotations": [],
        "type": "DelimitedText",
        "typeProperties": {
            "location": {
                "type": "AzureBlobFSLocation",
                "fileName": {
                    "value": "@dataset().FileName",
                    "type": "Expression"
                },
                "fileSystem": "containersoumya"
            },
            "columnDelimiter": {
                "value": "@dataset().FileDelimiter",
                "type": "Expression"
            },
            "escapeChar": "\\",
            "firstRowAsHeader": true,
            "quoteChar": "\""
        },
        "schema": [
            {
                "name": "Region",
                "type": "String"
            },
            {
                "name": "Country",
                "type": "String"
            },
            {
                "name": "ItemType",
                "type": "String"
            },
            {
                "name": "SalesChannel",
                "type": "String"
            },
            {
                "name": "OrderPriority",
                "type": "String"
            },
            {
                "name": "OrderDate",
                "type": "String"
            },
            {
                "name": "OrderID",
                "type": "String"
            },
            {
                "name": "UnitCost",
                "type": "String"
            },
            {
                "name": "UnitsSold",
                "type": "String"
            },
            {
                "name": "TotalProfit",
                "type": "String"
            },
            {
                "name": "TotalCost",
                "type": "String"
            },
            {
                "name": "TotalRevenue",
                "type": "String"
            }
        ]
    },
    "type": "Microsoft.DataFactory/factories/datasets"
}