{
    "name": "integrate_All_together",
    "properties": {
        "activities": [
            {
                "name": "Load Dataset List",
                "type": "Lookup",
                "dependsOn": [],
                "policy": {
                    "timeout": "0.12:00:00",
                    "retry": 0,
                    "retryIntervalInSeconds": 30,
                    "secureOutput": false,
                    "secureInput": false
                },
                "userProperties": [],
                "typeProperties": {
                    "source": {
                        "type": "AzureSqlSource",
                        "sqlReaderQuery": {
                            "value": "select File_Name, File_Delimiter, Target_Table from dbo.azuresoumya",
                            "type": "Expression"
                        },
                        "queryTimeout": "02:00:00",
                        "partitionOption": "None"
                    },
                    "dataset": {
                        "referenceName": "ds_demosql",
                        "type": "DatasetReference",
                        "parameters": {
                            "TableName": "azuresoumya"
                        }
                    },
                    "firstRowOnly": false
                }
            },
            {
                "name": "ForEachRow",
                "type": "ForEach",
                "dependsOn": [
                    {
                        "activity": "Load Dataset List",
                        "dependencyConditions": [
                            "Succeeded"
                        ]
                    }
                ],
                "userProperties": [],
                "typeProperties": {
                    "items": {
                        "value": "@activity('Load Dataset List').output.value",
                        "type": "Expression"
                    },
                    "isSequential": true,
                    "activities": [
                        {
                            "name": "Load Dataset",
                            "type": "Copy",
                            "dependsOn": [],
                            "policy": {
                                "timeout": "0.12:00:00",
                                "retry": 0,
                                "retryIntervalInSeconds": 30,
                                "secureOutput": false,
                                "secureInput": false
                            },
                            "userProperties": [],
                            "typeProperties": {
                                "source": {
                                    "type": "DelimitedTextSource",
                                    "storeSettings": {
                                        "type": "AzureBlobFSReadSettings",
                                        "recursive": true,
                                        "enablePartitionDiscovery": false
                                    },
                                    "formatSettings": {
                                        "type": "DelimitedTextReadSettings"
                                    }
                                },
                                "sink": {
                                    "type": "AzureSqlSink",
                                    "writeBehavior": "insert",
                                    "sqlWriterUseTableLock": false,
                                    "tableOption": "autoCreate",
                                    "disableMetricsCollection": false
                                },
                                "enableStaging": false,
                                "validateDataConsistency": true,
                                "translator": {
                                    "type": "TabularTranslator",
                                    "typeConversion": true,
                                    "typeConversionSettings": {
                                        "allowDataTruncation": true,
                                        "treatBooleanAsNumber": false
                                    }
                                }
                            },
                            "inputs": [
                                {
                                    "referenceName": "sales",
                                    "type": "DatasetReference",
                                    "parameters": {
                                        "FileName": {
                                            "value": "@item().File_Name",
                                            "type": "Expression"
                                        },
                                        "FileDelimiter": {
                                            "value": "@item().File_Delimiter",
                                            "type": "Expression"
                                        }
                                    }
                                }
                            ],
                            "outputs": [
                                {
                                    "referenceName": "ds_demosql",
                                    "type": "DatasetReference",
                                    "parameters": {
                                        "TableName": {
                                            "value": "@item().Target_Table",
                                            "type": "Expression"
                                        }
                                    }
                                }
                            ]
                        },
                        {
                            "name": "Wait1",
                            "type": "Wait",
                            "dependsOn": [
                                {
                                    "activity": "Load Dataset",
                                    "dependencyConditions": [
                                        "Succeeded"
                                    ]
                                }
                            ],
                            "userProperties": [],
                            "typeProperties": {
                                "waitTimeInSeconds": 6
                            }
                        }
                    ]
                }
            }
        ],
        "annotations": []
    }
}